{
    "pgd_eps_0.1": 2637.2161049842834,
    "pgd_eps_0.2": 2151.8060762882233,
    "pgd_eps_0.4": 2569.1128640174866
}