Type,Test Accuracies,Test Precision,Test Recall,Test F1 Scores
pgd_eps_0.1,0.2041,0.22441530843109977,0.2041,0.20057822466437739
pgd_eps_0.2,0.2093,0.21005574928759815,0.2093,0.20837278597201517
pgd_eps_0.4,0.1964,0.19058593710186356,0.1964,0.19170004984133746
