{
    "normal": 22.314301013946533,
    "pgd_eps_0.02": 225.69028496742249,
    "pgd_eps_0.04": 223.82093739509583,
    "pgd_eps_0.06": 222.29981589317322,
    "pgd_l2_eps_0.02": 233.9425458908081,
    "pgd_l2_eps_0.04": 235.59994983673096,
    "pgd_l2_eps_0.06": 233.6680510044098,
    "fgsm_eps_0.02": 34.240066051483154,
    "fgsm_eps_0.04": 33.633788108825684,
    "fgsm_eps_0.06": 33.64382481575012,
    "cw_l2_eps_0.02": 225.90417408943176,
    "cw_l2_eps_0.04": 231.61410307884216,
    "cw_l2_eps_0.06": 232.6468207836151
}