{
    "normal": 17.065212726593018,
    "pgd_eps_0.02": 166.23774528503418,
    "pgd_eps_0.04": 209.69389700889587,
    "pgd_eps_0.06": 167.25751090049744,
    "pgd_l2_eps_0.02": 173.7586863040924,
    "pgd_l2_eps_0.04": 173.94850301742554,
    "pgd_l2_eps_0.06": 175.61785078048706,
    "fgsm_eps_0.02": 26.577874183654785,
    "fgsm_eps_0.04": 26.300567865371704,
    "fgsm_eps_0.06": 26.612790822982788,
    "cw_l2_eps_0.02": 170.14389204978943,
    "cw_l2_eps_0.04": 166.56428408622742,
    "cw_l2_eps_0.06": 166.1613790988922
}