{
    "pgd_eps_0.1": 2672.3412721157074,
    "pgd_eps_0.2": 4413.809357881546,
    "pgd_eps_0.4": 3187.0042853355408
}