Type,Test Accuracies,Test Precision,Test Recall,Test F1 Scores
pgd_eps_0.1,0.3202,0.31444841028797693,0.3202,0.3063531469302385
pgd_eps_0.2,0.2763,0.27903241360126396,0.2763,0.2723679153305042
pgd_eps_0.4,0.2389,0.23992240443256369,0.2389,0.2361385723319222
