{
    "pgd_eps_0.1": 2257.652881860733,
    "pgd_eps_0.2": 4104.155318021774,
    "pgd_eps_0.4": 2188.3512468338013
}