Type,Test Accuracies,Test Precision,Test Recall,Test F1 Scores
pgd_eps_0.1,0.3253,0.3167027990056972,0.3253,0.3150164274933556
pgd_eps_0.2,0.2811,0.2745690916746424,0.2811,0.2712772901228728
pgd_eps_0.4,0.2483,0.24196645318891025,0.2483,0.24151573522585132
