{
    "pgd_l2_eps_0.1": 2360.5462608337402,
    "pgd_l2_eps_0.2": 2498.5973629951477,
    "pgd_l2_eps_0.3": 2183.673658847809
}