Type,Test Accuracies,Test Precision,Test Recall,Test F1 Scores
pgd_l2_eps_0.1,0.4132,0.44648007205179163,0.4132,0.4234537321156501
pgd_l2_eps_0.2,0.3815,0.3909814323296859,0.3815,0.38274198055372594
pgd_l2_eps_0.3,0.3223,0.33666116040290867,0.3223,0.32441025819192765
