{
    "pgd_l2_eps_0.1": 2875.244487285614,
    "pgd_l2_eps_0.2": 6137.53080201149,
    "pgd_l2_eps_0.3": 17384.63260602951
}