Type,Test Accuracies,Test Precision,Test Recall,Test F1 Scores
pgd_l2_eps_0.1,0.6065,0.6168353306520601,0.6065,0.6047956268547555
pgd_l2_eps_0.2,0.5274,0.5348883791979738,0.5274,0.5280516877060122
pgd_l2_eps_0.3,0.4532,0.44873787442205776,0.4532,0.4453332188714222
