{
    "fgsm_eps_0.02": 552.8179857730865,
    "fgsm_eps_0.04": 537.8767120838165,
    "fgsm_eps_0.06": 548.2481739521027
}