Type,Test Accuracies,Test Precision,Test Recall,Test F1 Scores
fgsm_eps_0.02,0.3379,0.331051725974567,0.3379,0.33078130611852796
fgsm_eps_0.04,0.2209,0.21687607974664788,0.2209,0.21411759576971712
fgsm_eps_0.06,0.1512,0.1519093408448196,0.1512,0.14978704172532378
