{
    "fgsm_eps_0.02": 929.6735408306122,
    "fgsm_eps_0.04": 528.0799038410187,
    "fgsm_eps_0.06": 707.8927228450775
}