Type,Test Accuracies,Test Precision,Test Recall,Test F1 Scores
fgsm_eps_0.02,0.3367,0.34220925145121545,0.3367,0.33382341214628486
fgsm_eps_0.04,0.2205,0.21545882311184578,0.2205,0.21528459236361586
fgsm_eps_0.06,0.165,0.15706518422285493,0.165,0.15958842535917578
