{
    "pgd_l2_eps_0.1": 2858.4757599830627,
    "pgd_l2_eps_0.2": 2237.438215970993,
    "pgd_l2_eps_0.3": 2636.054666996002
}