Type,Test Accuracies,Test Precision,Test Recall,Test F1 Scores
pgd_l2_eps_0.1,0.4545,0.4624947161328567,0.4545,0.45333837890273343
pgd_l2_eps_0.2,0.379,0.3886312274222407,0.379,0.3791787602721069
pgd_l2_eps_0.3,0.3353,0.34366410466774844,0.3353,0.33774784551660125
