{
    "fgsm_eps_0.02": 1002.6290090084076,
    "fgsm_eps_0.04": 478.9847891330719,
    "fgsm_eps_0.06": 665.9351532459259
}