Type,Test Accuracies,Test Precision,Test Recall,Test F1 Scores
fgsm_eps_0.02,0.3501,0.33969920028028644,0.3501,0.3396974983284069
fgsm_eps_0.04,0.2228,0.20891878352421528,0.2228,0.21332099762281415
fgsm_eps_0.06,0.2782,0.2709728294469276,0.2782,0.27217280258350873
