{
    "pgd_l2_eps_0.1": 2625.421667098999,
    "pgd_l2_eps_0.2": 2530.860903739929,
    "pgd_l2_eps_0.3": 2191.2813470363617
}