Type,Test Accuracies,Test Precision,Test Recall,Test F1 Scores
pgd_l2_eps_0.1,0.5919,0.6051255743835018,0.5919,0.5933084351857997
pgd_l2_eps_0.2,0.5123,0.5228903133338756,0.5123,0.5142023101558407
pgd_l2_eps_0.3,0.4419,0.44369343023036806,0.4419,0.43922520144511473
