{
    "pgd_l2_eps_0.1": 2657.7148609161377,
    "pgd_l2_eps_0.2": 2770.5439789295197,
    "pgd_l2_eps_0.3": 2910.280578136444
}