Type,Test Accuracies,Test Precision,Test Recall,Test F1 Scores
pgd_l2_eps_0.1,0.4735,0.4756571976757663,0.4735,0.4718323524867964
pgd_l2_eps_0.2,0.37,0.3822692482369814,0.37,0.368793687078188
pgd_l2_eps_0.3,0.3459,0.3763932006870865,0.3459,0.33703158101571806
