Type,Test Accuracies,Test Precision,Test Recall,Test F1 Scores
fgsm_eps_0.02,0.2924,0.2955376971724326,0.2924,0.2907196997025669
fgsm_eps_0.04,0.1779,0.16678872708333337,0.1779,0.17068517441236888
fgsm_eps_0.06,0.1974,0.17696366127935356,0.1974,0.17971801936705625
