{
    "fgsm_eps_0.02": 528.5497090816498,
    "fgsm_eps_0.04": 527.7455921173096,
    "fgsm_eps_0.06": 532.5658478736877
}