{
    "fgsm_eps_0.02": 527.4996070861816,
    "fgsm_eps_0.04": 503.61053013801575,
    "fgsm_eps_0.06": 615.5750708580017
}