Type,Test Accuracies,Test Precision,Test Recall,Test F1 Scores
fgsm_eps_0.02,0.2785,0.28356616674504054,0.2785,0.2802514183769004
fgsm_eps_0.04,0.1768,0.1738280299134559,0.1768,0.17309052756296886
fgsm_eps_0.06,0.2096,0.19857339196068866,0.2096,0.19904709200713536
