{
    "fgsm_eps_0.02": 571.3789730072021,
    "fgsm_eps_0.04": 588.645674943924,
    "fgsm_eps_0.06": 565.2654888629913
}