Type,Test Accuracies,Test Precision,Test Recall,Test F1 Scores
fgsm_eps_0.02,0.2882,0.286799191452364,0.2882,0.28390029647478243
fgsm_eps_0.04,0.1758,0.17277598661725543,0.1758,0.17134710204518946
fgsm_eps_0.06,0.1575,0.1506297767727134,0.1575,0.1519022413929826
