{
    "accuracy": 0.6622,
    "precision": 0.6643770604526139,
    "recall": 0.6622,
    "f1_score": 0.661414447979672
}