{
    "accuracy": 0.2743,
    "precision": 0.2880075619508251,
    "recall": 0.2743,
    "f1_score": 0.2640581676834164
}