{
    "pgd_eps_0.1": 118.28036904335022,
    "pgd_eps_0.2": 124.66849184036255,
    "pgd_eps_0.4": 128.1638720035553
}