{
    "fgsm_eps_0.02": 888.4858860969543,
    "fgsm_eps_0.04": 1166.5179159641266,
    "fgsm_eps_0.06": 1534.7306218147278
}