Type,Test Accuracies,Test Precision,Test Recall,Test F1 Scores
fgsm_eps_0.02,0.3052,0.30318815331563226,0.3052,0.3017180223416924
fgsm_eps_0.04,0.185,0.1926575741575851,0.185,0.18739138567102986
fgsm_eps_0.06,0.2307,0.2170778060424025,0.2307,0.21909032421784344
