{
    "pgd_eps_0.1": 4778.31455373764,
    "pgd_eps_0.2": 2238.9304370880127,
    "pgd_eps_0.4": 2266.6501998901367
}