Type,Test Accuracies,Test Precision,Test Recall,Test F1 Scores
pgd_eps_0.1,0.2381,0.2511153235582762,0.2381,0.23711851110232884
pgd_eps_0.2,0.1956,0.18858844201395997,0.1956,0.18459680244952853
pgd_eps_0.4,0.1881,0.18520858923070008,0.1881,0.18289995325071198
